-- Antonio
INSERT INTO CLIENTE VALUES ('Pedro Perez', '2023-05-05', 'pedro@gmail.com', 79);
INSERT INTO CLIENTE VALUES ('Juan Paez', '2023-05-05', 'juan@gmail.com', 69);
INSERT INTO CLIENTE VALUES ('Julio Asir', '2023-05-07', 'julio@gmail.com', 89);
INSERT INTO CLIENTE VALUES ('Vardimir Yusuf', '2023-02-05', 'tusuf@gmail.com', 109);
INSERT INTO CLIENTE VALUES ('Isaias Reque', '2023-05-01', 'reque@gmail.com', 99);
INSERT INTO CLIENTE VALUES ('Manuel Calderon', '2023-03-05', 'manuel@gmail.com', 69);
INSERT INTO CLIENTE VALUES ('Melvin Ramirez', '2023-05-09', 'mel@gmail.com', 10);
INSERT INTO CLIENTE VALUES ('Koky Saldo', '2023-02-05', 'koky@gmail.com', 123);
INSERT INTO CLIENTE VALUES ('Probabilidad Fernandez', '2023-05-05', 'proba@gmail.com', 80);
INSERT INTO CLIENTE VALUES ('Fundamentos Charpentier', '2023-04-05', 'funda@gmail.com', 56);
INSERT INTO CLIENTE VALUES ('Arquitectura Gomez', '2023-05-08', 'arqui@gmail.com', 23);
INSERT INTO CLIENTE VALUES ('Tzu Rue', '2023-09-05', 'tzurue@gmail.com', 12);
INSERT INTO CLIENTE VALUES ('Algebra Gonzales', '2023-05-01', 'alge@gmail.com', 90);
INSERT INTO CLIENTE VALUES ('Discreta Alvarez', '2023-05-01', 'discreta@gmail.com', 67);
INSERT INTO CLIENTE VALUES ('Volador Enriquez', '2023-08-02', 'volador@gmail.com', 11);
INSERT INTO CLIENTE VALUES ('Manrique Lopez', '2023-01-01', 'manriquito@gmail.com', 78);
INSERT INTO CLIENTE VALUES ('Kosta Latysh', '2023-03-03', 'kosta@gmail.com', 12);
INSERT INTO CLIENTE VALUES ('Yargen Humberto', '2023-05-01', 'yargen@gmail.com', 44);
INSERT INTO CLIENTE VALUES ('Leonardo Hulio', '2023-02-02', 'leonardo@gmail.com', 90);
INSERT INTO CLIENTE VALUES ('Erling Lopez', '2023-02-05', 'erling@gmail.com', 290);
INSERT INTO CLIENTE VALUES ('Manfred Messi', '2023-05-01', 'godfred@gmail.com', 80);
INSERT INTO CLIENTE VALUES ('Alejandro Ronaldo', '2023-09-01', 'ale@gmail.com', 71);
INSERT INTO CLIENTE VALUES ('Federico Roman', '2023-05-09', 'fede@gmail.com', 123);
INSERT INTO CLIENTE VALUES ('Julian Nuñez', '2023-02-08', 'julia@gmail.com', 6);
INSERT INTO CLIENTE VALUES ('Maria Messi', '2023-01-05', 'maria@gmail.com', 100);
INSERT INTO CLIENTE VALUES ('Danna Porras', '2023-05-01', 'danna@gmail.com', 12);
INSERT INTO CLIENTE VALUES ('Bad Bunny', '2023-03-05', 'chambea@gmail.com', 90);
INSERT INTO CLIENTE VALUES ('Juan Balvin', '2023-02-05', 'jbalvin@gmail.com', 4);
INSERT INTO CLIENTE VALUES ('Maluma Baby', '2023-02-09', 'maluma@gmail.com', 69);
INSERT INTO CLIENTE VALUES ('Maripaz Cespedes', '2023-02-05', 'koky@gmail.com', 55);

INSERT INTO PROVEEDOR VALUES ('Quesos Rubi', 'Trae quesos', 'Alajuela centro');
INSERT INTO PROVEEDOR VALUES ('Carnes San Jose', 'Trae carnes', 'San Jose centro');
INSERT INTO PROVEEDOR VALUES ('Electronicos Luisito', 'Trae aparatos electronicos', 'Grecia, Alajuela');
INSERT INTO PROVEEDOR VALUES ('Papas El carton', 'Proveedor de papas', 'Grecia, Alajuela');
INSERT INTO PROVEEDOR VALUES ('Carnes San Carlos', 'Trae carnes de San Carlos', 'San Carlos, Alajuela');
INSERT INTO PROVEEDOR VALUES ('Leche San Osito', 'Trae lacteos', 'Cartago centro');
INSERT INTO PROVEEDOR VALUES ('Arroces el Burro', 'Proveedor de arroz', 'Puntarenas centro');
INSERT INTO PROVEEDOR VALUES ('Frijolera Ruiz', 'Proveedor de frijoles', 'San Ramon, Alajuela');
INSERT INTO PROVEEDOR VALUES ('Mantequillas San Humberto', 'Trae mantequillas', 'Barva, Heredia');
INSERT INTO PROVEEDOR VALUES ('Tortillera El maicito', 'Proveedor de tortillas', 'San Carlos, Alajuela');
INSERT INTO PROVEEDOR VALUES ('Especias Marito', 'Proveedor de especias', 'San Jose centro');
INSERT INTO PROVEEDOR VALUES ('Filtros el Hugo', 'Trae filtros para cafeteras', 'Guanacaste');
INSERT INTO PROVEEDOR VALUES ('Chapstick Life', 'Proveedor de chapsticks', 'Alajuela, centro');
INSERT INTO PROVEEDOR VALUES ('Lapiceros Manuelito', 'Proveedor de lapiceros', 'Escazú, San José');
INSERT INTO PROVEEDOR VALUES ('Fundas CeluWorld', 'Proveedor de fundas para telefono', 'Heredia centro');
INSERT INTO PROVEEDOR VALUES ('Frescos La hortaliza', 'Trae refescos variados', 'San Carlos, Alajuela');
INSERT INTO PROVEEDOR VALUES ('Cafes el grano', 'Proveedor de cafes', 'San Jose centro');
INSERT INTO PROVEEDOR VALUES ('Cafes el Cafe', 'Proveedor de cafes', 'Pavas, San José');
INSERT INTO PROVEEDOR VALUES ('Grapas el grapon', 'Proveedor de grapas', 'San Jose centro');
INSERT INTO PROVEEDOR VALUES ('Borradores Lucho', 'Proveedor de borradores', 'Santo Domingo, Heredia');
INSERT INTO PROVEEDOR VALUES ('Paquetillos el enamorado', 'Proveedor de de tostadospaquetillos ', 'San Luis, Grecia');
INSERT INTO PROVEEDOR VALUES ('Caramelos el dulce', 'Proveedor de caramelos', 'San Jose centro');
INSERT INTO PROVEEDOR VALUES ('Confites el Ruso', 'Proveedor de confites rusos', 'San Jose centro');
INSERT INTO PROVEEDOR VALUES ('Porcelana la Porcelana fina', 'Proveedor de porcelana', 'Leon 13');
INSERT INTO PROVEEDOR VALUES ('Relojes el Reoljito', 'Proveedor de relojes', 'San Ramon, Alajuela');
INSERT INTO PROVEEDOR VALUES ('Yucas la Fortuna', 'Proveedor de caramelos', 'La fortuna');
INSERT INTO PROVEEDOR VALUES ('Paperia las papitas', 'Proveedor de papas', 'Cartago');
INSERT INTO PROVEEDOR VALUES ('Carnes la Chuleteria', 'Trae chuketas', 'San Jose centro');
INSERT INTO PROVEEDOR VALUES ('Pipo Pages', 'Trae hojas', 'San Jose centro');
INSERT INTO PROVEEDOR VALUES ('El manjar del perro', 'Trae comida de perros', 'Grecia, Alajuela');
INSERT INTO PROVEEDOR VALUES ('El manjar del gato', 'Trae comida de gatos', 'San Jose centro');



-- Josué
--Categorías

INSERT INTO CATEGORIA  VALUES ('Electrónica', 'Productos electrónicos para el consumo diario.'); 
INSERT INTO CATEGORIA  VALUES ('Ropa', 'Ropa y accesorios de moda para hombres y mujeres.');
INSERT INTO CATEGORIA  VALUES ('Calzado', 'Calzado de diversos estilos y tallas.');
INSERT INTO CATEGORIA  VALUES ('Electrodomésticos', 'Electrodomésticos para el hogar');
INSERT INTO CATEGORIA  VALUES ('Joyería', 'Joyas y bisutería');
INSERT INTO CATEGORIA  VALUES ('Muebles', 'Muebles y decoración para el hogar.');
INSERT INTO CATEGORIA  VALUES ('Productos de Belleza', 'Productos de cuidado personal y belleza.');
INSERT INTO CATEGORIA  VALUES ('Juguetes', 'Juguetes para niños.');
INSERT INTO CATEGORIA  VALUES ('Librería', 'Productos para estudio u oficina.');
INSERT INTO CATEGORIA  VALUES ('Deportivo', 'Artículos para deporte');
INSERT INTO CATEGORIA  VALUES ('Carnes', 'Productos hechos de carne');
INSERT INTO CATEGORIA  VALUES ('Bebés', 'Productos para bebés y cuidado infantil.');
INSERT INTO CATEGORIA  VALUES ('Bebidas', 'Productos que se consumen tomandolo');
INSERT INTO CATEGORIA  VALUES ('Ferretería', 'Herramientas y suministros de ferretería.');
INSERT INTO CATEGORIA  VALUES ('Mariscos', 'Productos provenientes del mar');
INSERT INTO CATEGORIA  VALUES ('Limpieza', 'Productos de limpieza');
INSERT INTO CATEGORIA  VALUES ('Snacks', 'Productos para picar');
INSERT INTO CATEGORIA  VALUES ('Jardinería', 'Suministros y herramientas para jardinería.');
INSERT INTO CATEGORIA  VALUES ('Mascotas', 'Suministros y alimentos para mascotas.');
INSERT INTO CATEGORIA  VALUES ('Congelados', 'Productos congelados');
INSERT INTO CATEGORIA  VALUES ('Instrumentos Musicales', 'Instrumentos musicales y accesorios.');
INSERT INTO CATEGORIA  VALUES ('Sexo', 'Productos relacionado al coito');
INSERT INTO CATEGORIA  VALUES ('Cocina', 'Utensilios y productos para cocina.');
INSERT INTO CATEGORIA  VALUES ('Dulces', 'Confites, chocolates, etc...');
INSERT INTO CATEGORIA  VALUES ('Fiesta', 'Suministros para fiestas y eventos especiales.');
INSERT INTO CATEGORIA  VALUES ('Embutidos', 'Productos embutidos');
INSERT INTO CATEGORIA  VALUES ('Frutas', 'Frutas para la familia');
INSERT INTO CATEGORIA  VALUES ('Vegetales', 'Verduras para la familia');
INSERT INTO CATEGORIA  VALUES ('Enlatados', 'Productos que vienen en una lata');
INSERT INTO CATEGORIA  VALUES ('Lacteos', 'Productos provenientes de la leche');

-- Productos


INSERT INTO PRODUCTO (nombre, descripcion, precio, categoria_id, inventario) VALUES
('Samsung 78', 'Teléfono móvil inteligente', 250000 , 'Electrónica', 15);
INSERT INTO PRODUCTO (nombre, descripcion, precio, categoria_id, inventario) VALUES
('Vestido Shein', 'Elegante vestido de noche', 15000, 'Ropa', 32);
INSERT INTO PRODUCTO (nombre, descripcion, precio, categoria_id, inventario) VALUES
('Naik', 'Calzado deportivo para correr y hacer ejercicio', 35000 'Calzado', 5);
INSERT INTO PRODUCTO (nombre, descripcion, precio, categoria_id, inventario) VALUES
('Refrigerador Samsung', 'Refrigerador de gran capacidad', 650000, 'Electrodomésticos', 3);
INSERT INTO PRODUCTO (nombre, descripcion, precio, categoria_id, inventario) VALUES
('Anillo de plata', 'Anillo con plata de alta calidad', 80000, 'Joyería', 2);
INSERT INTO PRODUCTO (nombre, descripcion, precio, categoria_id, inventario) VALUES
('Sofá', 'Sofá de cuero de lujo', 350000, 'Muebles', 1);
INSERT INTO PRODUCTO (nombre, descripcion, precio, categoria_id, inventario) VALUES
('Crema Hidratante', 'Crema hidratante para el cuidado de la piel', 13000, 'Productos de Belleza', 67);
INSERT INTO PRODUCTO (nombre, descripcion, precio, categoria_id, inventario) VALUES
('Blocks', 'Set de construcción de bloques para niños', 10000, 'Juguetes', 43);
INSERT INTO PRODUCTO (nombre, descripcion, precio, categoria_id, inventario) VALUES
('Cuaderno de Notas', 'Cuaderno de notas para tomar apuntes', 3000, 'Librería', 13);
INSERT INTO PRODUCTO (nombre, descripcion, precio, categoria_id, inventario) VALUES
('Balón de Fútbol', 'Balón de fútbol oficial', 20000, 'Deportivo', 17);
INSERT INTO PRODUCTO (nombre, descripcion, precio, categoria_id, inventario) VALUES
('Filete de Res', 'Filete de res de primera calidad', 2000, 'Carnes', 120);
INSERT INTO PRODUCTO (nombre, descripcion, precio, categoria_id, inventario) VALUES
('Pañales para Bebés', 'Pañales desechables para bebés', 24000, 'Bebés', 23);
INSERT INTO PRODUCTO (nombre, descripcion, precio, categoria_id, inventario) VALUES
('Vino Tinto', 'Botella de vino tinto de alta calidad', 50000, 'Bebidas', 20);
INSERT INTO PRODUCTO (nombre, descripcion, precio, categoria_id, inventario) VALUES
('Martillo', 'Herramienta para clavar', 7000, 'Ferretería', 100);
INSERT INTO PRODUCTO (nombre, descripcion, precio, categoria_id, inventario) VALUES
('Camarones Frescos', 'Camarones frescos para cocinar', 16000, 'Mariscos', 30);
INSERT INTO PRODUCTO (nombre, descripcion, precio, categoria_id, inventario) VALUES
('Detergente Líquido', 'Detergente líquido para lavar ropa', 5000, 'Limpieza', 14);
INSERT INTO PRODUCTO (nombre, descripcion, precio, categoria_id, inventario) VALUES
('Papiola', 'Chips de papas crujientes y sabrosos', 300, 'Snacks', 300);
INSERT INTO PRODUCTO (nombre, descripcion, precio, categoria_id, inventario) VALUES
('Tijeras', 'Tijeras para jardín', 4500, 'Jardinería', 12);
INSERT INTO PRODUCTO (nombre, descripcion, precio, categoria_id, inventario) VALUES
('Alimento para Gatos', 'Alimento de alta calidad para gatos', 3600, 'Mascotas', 25);
INSERT INTO PRODUCTO (nombre, descripcion, precio, categoria_id, inventario) VALUES
('Pizza Congelada', 'Pizza congelada para una cena rápida', 3000, 'Congelados', 60);
INSERT INTO PRODUCTO (nombre, descripcion, precio, categoria_id, inventario) VALUES
('Flauta', 'Flauta para músicos aficionados', 15000, 'Instrumentos Musicales', 15);
INSERT INTO PRODUCTO (nombre, descripcion, precio, categoria_id, inventario) VALUES
('Condones', 'Condones de calidad para la protección', 2500, 'Sexo', 200);
INSERT INTO PRODUCTO (nombre, descripcion, precio, categoria_id, inventario) VALUES
('Cuchillo', 'Cuchillo para cocinar', 5500, 'Cocina', 40);
INSERT INTO PRODUCTO (nombre, descripcion, precio, categoria_id, inventario) VALUES
('Barra de Chocolate', 'Barra de chocolate suizo premium', 1500, 'Dulces', 25);
INSERT INTO PRODUCTO (nombre, descripcion, precio, categoria_id, inventario) VALUES
('Globos', 'Globos para fiestas', 2500, 'Fiesta', 26);
INSERT INTO PRODUCTO (nombre, descripcion, precio, categoria_id, inventario) VALUES
('Salchichas Ahumadas', 'Salchichas ahumadas para parrilladas', 4500, 'Embutidos', 50);
INSERT INTO PRODUCTO (nombre, descripcion, precio, categoria_id, inventario) VALUES
('Manzanas', 'Manzanas frescas y crujientes', 1000, 'Frutas', 200);
INSERT INTO PRODUCTO (nombre, descripcion, precio, categoria_id, inventario) VALUES
('Zanahorias', 'Zanahorias orgánicas', 1250, 'Vegetales', 96);
INSERT INTO PRODUCTO (nombre, descripcion, precio, categoria_id, inventario) VALUES
('Atún', 'Atún de agua', 400, 'Enlatados', 56);
INSERT INTO PRODUCTO (nombre, descripcion, precio, categoria_id, inventario) VALUES
('Leche Entera', 'Leche entera fresca y nutritiva', 1700, 'Lácteos', 80);
